{"cameraMode":{"drawMode":0,"name":"Shaded","section":"Shading Mode"},"sceneLighting":false,"audioPlay":false,"sceneViewState":{"m_AlwaysRefresh":true,"showFog":true,"showSkybox":false,"showFlares":true,"showImageEffects":true,"showParticleSystems":true,"showVisualEffectGraphs":true,"m_FxEnabled":true},"in2DMode":false,"pivot":{"x":5.449999809265137,"y":1.100000023841858,"z":-46.099998474121097},"rotation":{"x":0.13787557184696198,"y":0.0015647367108613253,"z":-0.0001869413972599432,"w":0.9905039668083191},"size":0.8660253882408142,"orthographic":false}