{"cameraMode":{"drawMode":0,"name":"Shaded","section":"Shading Mode"},"sceneLighting":true,"audioPlay":false,"sceneViewState":{"m_AlwaysRefresh":true,"showFog":true,"showSkybox":true,"showFlares":true,"showImageEffects":true,"showParticleSystems":true,"showVisualEffectGraphs":true,"m_FxEnabled":true},"in2DMode":false,"pivot":{"x":10.705361366271973,"y":-43.92705154418945,"z":16.858549118041993},"rotation":{"x":0.7673649787902832,"y":0.03366885706782341,"z":-0.04035279527306557,"w":0.6391403675079346},"size":38.766170501708987,"orthographic":false}