{"cameraMode":{"drawMode":0,"name":"Shaded","section":"Shading Mode"},"sceneLighting":true,"audioPlay":false,"sceneViewState":{"m_AlwaysRefresh":true,"showFog":true,"showSkybox":true,"showFlares":true,"showImageEffects":true,"showParticleSystems":true,"showVisualEffectGraphs":true,"m_FxEnabled":true},"in2DMode":false,"pivot":{"x":13.177648544311524,"y":-46.62781524658203,"z":-23.332937240600587},"rotation":{"x":0.6617177128791809,"y":-0.017911270260810853,"z":0.01586075872182846,"w":0.7494485378265381},"size":67.34278106689453,"orthographic":false}