{"cameraMode":{"drawMode":0,"name":"Shaded","section":"Shading Mode"},"sceneLighting":true,"audioPlay":false,"sceneViewState":{"m_AlwaysRefresh":true,"showFog":true,"showSkybox":true,"showFlares":true,"showImageEffects":true,"showParticleSystems":true,"showVisualEffectGraphs":true,"m_FxEnabled":true},"in2DMode":false,"pivot":{"x":-3.735236167907715,"y":-26.76117706298828,"z":0.6795215606689453},"rotation":{"x":0.5817465782165527,"y":-0.11959013342857361,"z":0.08700264245271683,"w":0.7998828887939453},"size":61.900211334228519,"orthographic":false}