{"cameraMode":{"drawMode":0,"name":"Shaded","section":"Shading Mode"},"sceneLighting":true,"audioPlay":false,"sceneViewState":{"m_AlwaysRefresh":true,"showFog":true,"showSkybox":true,"showFlares":true,"showImageEffects":true,"showParticleSystems":true,"showVisualEffectGraphs":true,"m_FxEnabled":true},"in2DMode":false,"pivot":{"x":2.3756096363067629,"y":-49.196327209472659,"z":-41.876853942871097},"rotation":{"x":0.6588466763496399,"y":0.037269365042448047,"z":-0.032663799822330478,"w":0.7507205009460449},"size":33.48268508911133,"orthographic":false}