{"cameraMode":{"drawMode":0,"name":"Shaded","section":"Shading Mode"},"sceneLighting":true,"audioPlay":false,"sceneViewState":{"m_AlwaysRefresh":true,"showFog":true,"showSkybox":true,"showFlares":true,"showImageEffects":true,"showParticleSystems":true,"showVisualEffectGraphs":true,"m_FxEnabled":true},"in2DMode":false,"pivot":{"x":1.2746506929397584,"y":2.226968288421631,"z":35.52994155883789},"rotation":{"x":0.1881360560655594,"y":-0.023492833599448205,"z":0.004519648849964142,"w":0.9819064140319824},"size":6.428008556365967,"orthographic":false}